theta_over_pi,exact,L_4,L_8,L_16,L_32
0.0,-0.3814457313772696,-0.3477082909688495,-0.3791864348098255,-0.3814389868340558,-0.381445731341543
0.001669449081803,-0.3814223196182798,-0.3476952611398363,-0.3791647481689192,-0.3814155908343419,-0.3814223195828431
0.003338898163606,-0.381352099352401,-0.3476561746495246,-0.3790996989921522,-0.3813454177335111,-0.3813520993178264
0.005008347245409,-0.3812351155903442,-0.3475910404871259,-0.3789913195079678,-0.3812285122048593,-0.3812351155571838
0.006677796327212,-0.3810714432748197,-0.3474998736314165,-0.3788396633990739,-0.3810649486318018,-0.3810714432435903
0.008347245409015,-0.3808611871680399,-0.3473826950458758,-0.3786448057554346,-0.3808548309999469,-0.3808611871392111
0.010016694490818,-0.3806044816946468,-0.34723953167188,-0.3784068430085341,-0.3805982927463619,-0.3806044816686311
0.011686143572621,-0.3803014907404928,-0.3470704164199588,-0.3781258928469901,-0.3802954965664082,-0.3803014907176342
0.013355592654424,-0.3799524074078164,-0.3468753881591128,-0.3778020941136127,-0.3799466341786119,-0.3799524073883838
0.015025041736227,-0.3795574537274659,-0.3466544917042,-0.3774356066840288,-0.379551926048141,-0.3795574537116467
0.01669449081803,-0.3791168803289509,-0.346407777801394,-0.3770266113270128,-0.3791116210695658,-0.3791168803168476
0.018363939899833,-0.3786309660691945,-0.3461353031117195,-0.3765753095466817,-0.3786259962096652,-0.3786309660608244
0.020033388981636,-0.3781000176209801,-0.3458371301926723,-0.3760819234067422,-0.3780953561111457,-0.3781000176162743
0.021702838063439,-0.3775243690221745,-0.3455133274779289,-0.3755466953369857,-0.377520032658226,-0.3775243690209828
0.023372287145242,-0.3769043811869242,-0.3451639692551567,-0.3749698879222617,-0.3769003845051327,-0.3769043811890204
0.025041736227045,-0.3762404413800918,-0.3447891356419273,-0.3743517836741639,-0.3762367965686293,-0.3762404413851795
0.026711185308848,-0.3755329626563117,-0.34438891255975,-0.373692684785703,-0.3755296794857961,-0.3755329626640353
0.028380634390651,-0.3747823832651029,-0.3439633917062268,-0.3729929128692347,-0.3747794690383364,-0.3747823832750568
0.030050083472454,-0.3739891660235706,-0.3435126705253456,-0.3722528086779572,-0.3739866255447759,-0.3739891660353113
0.031719532554257,-0.3731537976582903,-0.3430368521759206,-0.371472731811289,-0.37315163322198,-0.3731537976713489
0.0333889816360601,-0.3722767881180276,-0.3425360454981908,-0.3706530604044678,-0.372274999517473,-0.3722767881319231
0.0350584307178631,-0.3713586698590169,-0.3420103649785898,-0.3697941908027263,-0.3713572544141175,-0.3713586698732682
0.0367278797996661,-0.370399997104559,-0.3414599307127024,-0.3688965372204176,-0.3703989497087492,-0.3703999971186988
0.0383973288814691,-0.3694013450807517,-0.340884868366417,-0.3679605313854776,-0.36940065826642,-0.369401345094338
0.0400667779632721,-0.3683633092302003,-0.3402853091352938,-0.3669866221696336,-0.3683629732519419,-0.368363309242827
0.0417362270450751,-0.3672865044055837,-0.3396613897021603,-0.3659752752047774,-0.3672865073404658,-0.3672865044168922
0.0434056761268781,-0.3661715640449801,-0.3390132521929513,-0.3649269724859387,-0.3661718919088508,-0.3661715640546659
0.0450751252086811,-0.3650191393308715,-0.3383410441308103,-0.3638422119613151,-0.3650197762096228,-0.3650191393386915
0.0467445742904841,-0.3638298983347514,-0.3376449183884687,-0.3627215071098157,-0.3638308265293256,-0.3638298983405292
0.0484140233722871,-0.362604525149271,-0.3369250331389212,-0.3615653865066019,-0.3626057253330909,-0.3626045251528992
0.0500834724540901,-0.3613437190098553,-0.3361815518044167,-0.360374393377116,-0.3613451703972667,-0.3613437190112958
0.0517529215358931,-0.3600481934077027,-0.3354146430037812,-0.3591490851400971,-0.3600498739319383,-0.3600481934069863
0.0534223706176961,-0.3587186751960771,-0.3346244804980953,-0.357890032940101,-0.3587205616951794,-0.3587186751933005
0.0550918196994991,-0.3573559036917758,-0.3338112431347452,-0.3565978211700485,-0.3573579721008683,-0.3573559036870946
0.0567612687813021,-0.3559606297736282,-0.3329751147898692,-0.3552730469843387,-0.3559628553218862,-0.3559606297672531
0.0584307178631051,-0.3545336149798472,-0.3321162843092185,-0.3539163198030648,-0.3545359723904913,-0.3545336149720342
0.0601001669449081,-0.3530756306060254,-0.3312349454474589,-0.3525282608078952,-0.3530780942976605,-0.3530756305970668
0.0617696160267111,-0.3515874568055126,-0.3303312968059316,-0.3511095024301721,-0.3515900010931367,-0.3515874567957278
0.0634390651085141,-0.3500698816938773,-0.3294055417688999,-0.3496606878317979,-0.3500724809879066,-0.3500698816836017
0.0651085141903172,-0.3485237004590947,-0.328457888438303,-0.3481824703794856,-0.3485263294607889,-0.3485237004486695
0.0667779632721202,-0.3469497144790533,-0.3274885495670435,-0.3466755131129495,-0.346952348370773,-0.3469497144688143
0.0684474123539232,-0.3453487304479099,-0.3264977424908309,-0.3451404882076215,-0.3453513450767018,-0.3453487304381777
0.0701168614357262,-0.343721559512766,-0.3254856890586108,-0.3435780764324851,-0.3437241315658453,-0.3437215595038367
0.0717863105175292,-0.3420690164220675,-0.3244526155616001,-0.3419889666036129,-0.3420715235928536,-0.3420690164142037
0.0734557595993322,-0.3403919186870669,-0.3233987526609591,-0.3403738550340065,-0.3403943398305285,-0.3403919186804912
0.0751252086811352,-0.3386910857576169,-0.3223243353141264,-0.3387334449803347,-0.3386934010337852,-0.338691085752506
0.0767946577629382,-0.3369673382134922,-0.3212296026998434,-0.3370684460871659,-0.3369695292181187,-0.3369673382099714
0.0784641068447412,-0.3352214969723601,-0.3201147981418955,-0.3353795738292933,-0.3352235468538211,-0.3352214969705021
0.0801335559265442,-0.3334543825154575,-0.318980169031602,-0.3336675489527501,-0.3334562760771304,-0.3334543825152813
0.0818030050083472,-0.331666814131941,-0.3178259667490786,-0.3319330969151098,-0.3316685379194162,-0.3316668141334121
0.0834724540901502,-0.3298596091828155,-0.3166524465833054,-0.3301769473256666,-0.3298611515554451,-0.3298596091858485
0.0851419031719532,-0.3280335823852658,-0.31545986765103,-0.328399833386087,-0.3280349335716878,-0.3280335823897276
0.0868113522537562,-0.3261895451181348,-0.3142484928145329,-0.326602491332119,-0.326190697255558,-0.326189545123851
0.0884808013355592,-0.32432830474923,-0.313018588598289,-0.3247856598769432,-0.3243292519063977,-0.3243283047559905
0.0901502504173622,-0.3224506639850513,-0.3117704251045552,-0.3229500796567457,-0.322451402168952,-0.3224506639926183
0.0918196994991652,-0.3205574202434689,-0.3105042759279141,-0.3210964926790816,-0.3205579473899901,-0.3205574202515838
0.0934891485809682,-0.3186493650498036,-0.3092204180688069,-0.3192256417746009,-0.3186496809986649,-0.3186493650581968
0.0951585976627712,-0.316727283456694,-0.3079191318460876,-0.3173382700526899,-0.3167273899111203,-0.3167272834650929
0.0968280467445742,-0.3147919534880607,-0.3066007008086298,-0.3154351203615861,-0.3147918539597807,-0.3147919534961985
0.0984974958263773,-0.3128441456074151,-0.3052654116460198,-0.3135169347535033,-0.3128438453476847,-0.3128441456150386
0.1001669449081803,-0.3108846222106909,-0.3039135540983692,-0.3115844539553066,-0.3108841281281517,-0.3108846222175688
0.1018363939899833,-0.3089141371437148,-0.3025454208652787,-0.3096384168452553,-0.3089134577099915,-0.3089141371496436
0.1035058430717863,-0.3069334352443701,-0.3011613075139886,-0.3076795599363338,-0.3069325803884077,-0.306933435249181
0.1051752921535893,-0.3049432519094495,-0.29976151238675,-0.305708616866668,-0.3049422329016636,-0.3049432519130122
0.1068447412353923,-0.3029443126861351,-0.2983463365074481,-0.3037263178975217,-0.3029431420135221,-0.3029443126883609
0.1085141903171953,-0.3009373328879885,-0.2969160834875159,-0.3017333894193491,-0.3009360241214013,-0.300937332888833
0.1101836393989983,-0.2989230172352876,-0.2954710594311704,-0.2997305534663725,-0.2989215848901242,-0.2989230172347509
0.1118530884808013,-0.2969020595194909,-0.2940115728400061,-0.2977185272401353,-0.2969005189110847,-0.2969020595176164
0.1135225375626043,-0.2948751422915697,-0.2925379345169829,-0.2956980226424716,-0.2948735093865886,-0.2948751422884419
0.1151919866444073,-0.2928429365739014,-0.291050457469842,-0.2936697458183159,-0.29284122783908,-0.2928429365696434
0.1168614357262103,-0.2908061015953801,-0.2895494568139846,-0.2916343967087629,-0.2908043338449045,-0.2908061015901478
0.1185308848080133,-0.28876528454936,-0.2880352496748521,-0.2895926686147727,-0.2887634747922172,-0.2887652845433371
0.1202003338898163,-0.286721120374014,-0.2865081550898397,-0.287545247771901,-0.2867192856625955,-0.2867211203674056
0.1218697829716193,-0.2846742315546562,-0.2849684939097828,-0.2854928129364161,-0.2846723888358717,-0.2846742315476824
0.1235392320534223,-0.2826252279475496,-0.283416588700049,-0.2834360349831499,-0.2826233939176644,-0.2826252279404375
0.1252086811352253,-0.2805747066246921,-0.2818527636412752,-0.2813755765154135,-0.2805728975890503,-0.2805747066176692
0.1268781302170283,-0.2785232517390498,-0.2802773444297833,-0.2793120914872889,-0.2785214834777818,-0.278523251732337
0.1285475792988313,-0.2764714344096856,-0.2786906581777114,-0.2772462248385928,-0.2764697220504301,-0.2764714344034896
0.1302170283806344,-0.2744198126262125,-0.2770930333128997,-0.2751786121427911,-0.2744181705248067,-0.2744198126207205
0.1318864774624374,-0.2723689311719828,-0.2754847994785618,-0.2731098792681203,-0.272367372801987,-0.272368931167356
0.1335559265442404,-0.2703193215654125,-0.273866287432784,-0.2710406420521619,-0.2703178594172494,-0.2703193215617825
0.1352253756260434,-0.268271502018828,-0.2722378289478856,-0.2689715059900893,-0.2682701475092185,-0.2682715020162927
0.1368948247078464,-0.266225977414209,-0.2705997567096768,-0.266903065936793,-0.2662247408064883,-0.2662259774128299
0.1385642737896494,-0.2641832392952006,-0.2689524042166522,-0.2648359058230696,-0.2641821296309961,-0.2641832392950018
0.1402337228714524,-0.2621437658747552,-0.2672961056791548,-0.2627705983860419,-0.2621427909174038,-0.2621437658757234
0.1419031719532554,-0.2601080220577684,-0.2656311959185493,-0.2607077049139576,-0.2601071882477411,-0.2601080220598541
0.1435726210350584,-0.2580764594780633,-0.2639580102664371,-0.2586477750054957,-0.258075771900563,-0.2580764594811822
0.1452420701168614,-0.2560495165490845,-0.262276884463954,-0.2565913463436901,-0.2560489789138738,-0.2560495165531216
0.1469115191986644,-0.2540276185276633,-0.2605881545611829,-0.2545389444845625,-0.2540272331610763,-0.2540276185324764
0.1485809682804674,-0.2520111775902161,-0.2588921568167207,-0.2524910826605349,-0.2520109454392025,-0.2520111775956407
0.1502504173622704,-0.2500005929207435,-0.2571892275974328,-0.2504482615986751,-0.2500005135687017,-0.2500005929265993
0.1519198664440734,-0.24799625081001,-0.2554797032784338,-0.24841096935381,-0.2479963225040581,-0.2479962508161056
0.1535893155258764,-0.2459985247652796,-0.2537639201433271,-0.2463796811565193,-0.2459987444545354,-0.2459985247714192
0.1552587646076794,-0.2440077756300034,-0.2520422142847429,-0.244354859276009,-0.2440081390143511,-0.2440077756359928
0.1569282136894824,-0.2420243517128556,-0.2503149215052058,-0.2423369528978398,-0.2420248533015985,-0.2420243517185087
0.1585976627712854,-0.240048588925531,-0.2485823772183711,-0.240326398016471,-0.2400492221052588,-0.2400485889306751
0.1602671118530884,-0.2380808109287251,-0.2468449163506618,-0.2383236173425601,-0.2380815680396557,-0.2380808109332063
0.1619365609348914,-0.2361213292857311,-0.2451028732433444,-0.2363290202249431,-0.2361222017057296,-0.2361213292894184
0.1636060100166944,-0.2341704436231016,-0.2433565815550747,-0.2343430025871971,-0.2341714218585281,-0.2341704436258909
0.1652754590984975,-0.2322284417978349,-0.2416063741649511,-0.2323659468786775,-0.2322295155803295,-0.2322284417996522
0.1669449081803005,-0.230295600070563,-0.2398525830761073,-0.2303982220398967,-0.2302967584588412,-0.2302956000713657
0.1686143572621035,-0.2283721832842281,-0.2380955393198803,-0.2284401834820999,-0.2283734147699353,-0.2283721832840059
0.1702838063439065,-0.2264584450477549,-0.2363355728605858,-0.2264921730808748,-0.2264597376644096,-0.22645844504653
0.1719532554257095,-0.2245546279242371,-0.2345730125009349,-0.2245545191836155,-0.2245559693582832,-0.2245546279220625
0.1736227045075125,-0.2226609636231737,-0.2328081857881269,-0.2226275366306473,-0.2226623413261631,-0.2226609636201318
0.1752921535893155,-0.2207776731963087,-0.2310414189206463,-0.2207115267897998,-0.2207790744972394,-0.2207776731925076
0.1769616026711185,-0.2189049672366383,-0.2292730366558029,-0.2188067776042049,-0.2189063794534926,-0.2189049672322078
0.1786310517529215,-0.2170430460801721,-0.2275033622180421,-0.2169135636530791,-0.2170444566297207,-0.2170430460752604
0.1803005008347245,-0.2151921000100466,-0.2257327172080586,-0.2150321462252362,-0.2151934965150139,-0.2151921000048146
0.1819699499165275,-0.213352309462607,-0.2239614215127462,-0.2131627734050618,-0.213353679855333,-0.2133523094572232
0.1836393989983305,-0.2115238452350898,-0.2221897932160129,-0.2113056801706713,-0.2115251778568667,-0.2115238452297251
0.1853088480801335,-0.2097068686945542,-0.2204181485104937,-0.2094610885039547,-0.2097081523898658,-0.2097068686893763
0.1869782971619365,-0.2079015319877233,-0.2186468016101893,-0.2076292075122044,-0.2079027561926739,-0.2079015319828918
0.1886477462437395,-0.2061079782514203,-0.2168760646640623,-0.205810233561009,-0.2061091330756962,-0.2061079782470818
0.1903171953255425,-0.2043263418232892,-0.2151062476706201,-0.2040043504180836,-0.2043274181250655,-0.2043263418195727
0.1919866444073455,-0.2025567484525133,-0.2133376583935126,-0.2022117294076989,-0.2025577379057864,-0.2025567484495263
0.1936560934891485,-0.2007993155102558,-0.2115706022781735,-0.2004325295753594,-0.2008002106641525,-0.2007993155080821
0.1953255425709516,-0.1990541521995635,-0.2098053823695346,-0.1986668978623724,-0.1990549465292559,-0.19905415219826
0.1969949916527546,-0.1973213597644871,-0.208042299230839,-0.1969149692899429,-0.1973220477134156,-0.1973213597640828
0.1986644407345576,-0.1956010316981872,-0.2062816508635807,-0.1951768671524156,-0.1956016087113747,-0.1956010316986825
0.2003338898163606,-0.1938932539498092,-0.2045237326285994,-0.1934527032192855,-0.1938937164981259,-0.193893253951177
0.2020033388981636,-0.1921981051299225,-0.2027688371683526,-0.1917425779455838,-0.1921984507252395,-0.1921981051321083
0.2036727879799666,-0.1905156567143326,-0.2010172543303951,-0.1900465806902447,-0.1905158839155798,-0.1905156567172574
0.2053422370617696,-0.1888459732460889,-0.1992692710920878,-0.1883647899420521,-0.1888460816563096,-0.1888459732496518
0.2070116861435726,-0.1871891125355221,-0.1975251714865625,-0.1866972735527571,-0.1871891027900889,-0.1871891125396034
0.2086811352253756,-0.1855451258581568,-0.1957852365299655,-0.1850440889769566,-0.1855449996043855,-0.1855451258626226
0.2103505843071786,-0.1839140581503578,-0.194049744150004,-0.1834052835183174,-0.1839138180188251,-0.1839140581550637
0.2120200333889816,-0.1822959482025782,-0.1923189691158193,-0.1817808945817268,-0.182295597770512,-0.1822959482073742
0.2136894824707846,-0.1806908288500891,-0.1905931829692069,-0.1801709499309483,-0.1806903725972619,-0.1806908288548247
0.2153589315525876,-0.1790987271610823,-0.1888726539572083,-0.1785754679513605,-0.1790981704186922,-0.1790987271656106
0.2170283806343906,-0.1775196646220436,-0.1871576469660933,-0.1769944579173539,-0.1775190135151211,-0.1775196646262261
0.2186978297161936,-0.1759536573203084,-0.1854484234567563,-0.1754279202639608,-0.1759529187042306,-0.1759536573240191
0.2203672787979966,-0.1744007161237169,-0.1837452414015426,-0.1738758468622911,-0.1743998975154519,-0.1744007161268461
0.2220367278797996,-0.1728608468572981,-0.1820483552225293,-0.1723382212983532,-0.1728599563620353,-0.1728608468597558
0.2237061769616026,-0.171334050476917,-0.1803580157312756,-0.1708150191548316,-0.1713330967107701,-0.1713340504786347
0.2253756260434056,-0.1698203232398295,-0.1786744700700629,-0.1693062082954027,-0.1698193152493185,-0.169820323240763
0.2270450751252086,-0.1683196568720982,-0.1769979616546428,-0.1678117491511672,-0.1683186040511334,-0.168319656872228
0.2287145242070117,-0.1668320387328254,-0.1753287301185081,-0.166331595008783,-0.166830950737928,-0.1668320387321574
0.2303839732888147,-0.1653574519751715,-0.1736670112587048,-0.1648656922998846,-0.1653563386396659,-0.1653574519737359
0.2320534223706176,-0.1638958757041307,-0.1720130369832016,-0.1634139808913806,-0.163894746952044,-0.1638958757019814
0.2337228714524207,-0.1624472851310417,-0.1703670352598298,-0.1619763943762234,-0.1624461508914358,-0.1624472851282542
0.2353923205342237,-0.1610116517248208,-0.1687292300668107,-0.1605528603642522,-0.161010521847268,-0.1610116517214893
0.2370617696160267,-0.159588943359903,-0.1670998413448817,-0.1591433007727152,-0.159587827531797,-0.1595889433561374
0.2387312186978297,-0.1581791244608924,-0.1654790849510374,-0.1577476321160817,-0.1581780321272601,-0.1581791244568149
0.2404006677796327,-0.1567821561439172,-0.163867172613896,-0.1563657657947665,-0.1567810964303669,-0.1567821561396579
0.2420701168614357,-0.1553979963546976,-0.1622643118907034,-0.1549976083823876,-0.1553969779941039,-0.1553979963503911
0.2437395659432387,-0.1540266000033354,-0.1606707061259873,-0.1536430619111952,-0.1540256312668205,-0.1540265999991157
0.2454090150250417,-0.1526679190958366,-0.1590865544118703,-0.152302024155311,-0.1526670077285659,-0.1526679190918338
0.2470784641068447,-0.1513219028623888,-0.1575120515500531,-0.1509743889114293,-0.1513210560246489,-0.1513219028587245
0.2487479131886477,-0.1499884978824099,-0.155947388015477,-0.1496600462766386,-0.1499877220963887,-0.149988497879194
0.2504173622704507,-0.1486676482063946,-0.1543927499216731,-0.1483588829230321,-0.1486669493090297,-0.1486676482037217
0.2520868113522537,-0.1473592954745858,-0.1528483189878079,-0.1470707823687861,-0.1473586785767908,-0.1473592954725325
0.2537562604340567,-0.1460633790325003,-0.1513142725074305,-0.1457956252453935,-0.1460628484850231,-0.1460633790311234
0.2554257095158597,-0.1447798360433421,-0.1497907833189298,-0.1445332895607524,-0.1447793954094498,-0.1447798360426766
0.2570951585976627,-0.143508601597338,-0.1482780197777062,-0.1432836509578199,-0.1435082536324642,-0.1435086015973967
0.2587646076794658,-0.142249608818033,-0.146776145730063,-0.1420465829685495,-0.1422493554564649,-0.142249608818806
0.2604340567612688,-0.1410027889655844,-0.1452853204888234,-0.1408219572628472,-0.1410026313142059,-0.14100278896704
0.2621035058430718,-0.1397680715370964,-0.1438056988106743,-0.1396096438922887,-0.1397680098761465,-0.139768071539182
0.2637729549248748,-0.1385453843640367,-0.142337430875243,-0.1384095115283534,-0.1385454181547855,-0.1385453843666808
0.2654424040066778,-0.1373346537067807,-0.1408806622659061,-0.137221427694944,-0.1373347816059675,-0.1373346537098955
0.2671118530884808,-0.1361358043463275,-0.139435533952335,-0.1360452589949719,-0.1361360242271544,-0.1361358043498116
0.2687813021702838,-0.1349487596732349,-0.1380021822747774,-0.1348808713308004,-0.1349490686526566,-0.1349487596769765
0.2704507512520868,-0.133773441773821,-0.1365807389300744,-0.1337281301183525,-0.1337738362458225,-0.1337734417777017
0.2721202003338898,-0.1326097715136806,-0.1351713309594163,-0.132586900494702,-0.1326102471881919,-0.1326097715175789
0.2737896494156928,-0.131457668618566,-0.1337740807378312,-0.1314570475189777,-0.1314582205656172,-0.1314576686223611
0.2754590984974958,-0.1303170517526813,-0.1323891059654084,-0.1303384363664275,-0.1303176744513678,-0.1303170517562571
0.2771285475792988,-0.1291878385944415,-0.1310165196602526,-0.1292309325154987,-0.1291885259862319,-0.1291878385976898
0.2787979966611018,-0.1280699459097465,-0.1296564301531659,-0.1281344019278059,-0.128070691455637,-0.1280699459125703
0.2804674457429048,-0.1269632896228205,-0.1283089410840542,-0.1270487112208716,-0.1269640863638158,-0.126963289625137
0.2821368948247078,-0.1258677848846695,-0.1269741514000528,-0.1259737278335358,-0.1258686255050471,-0.1258677848864123
0.2838063439065109,-0.1247833461392063,-0.1256521553553669,-0.1249093201839465,-0.1247842230320074,-0.1247833461403275
0.2854757929883139,-0.1237098871870962,-0.1243430425128211,-0.1238553578200546,-0.1237107925212733,-0.1237098871875675
0.2871452420701169,-0.1226473212473726,-0.1230468977471102,-0.1228117115625505,-0.1226482470360192,-0.122647321247186
0.2888146911519199,-0.1215955610168756,-0.1217638012497458,-0.1217782536401945,-0.1215964991859605,-0.1215955610160436
0.2904841402337229,-0.1205545187275633,-0.1204938285356903,-0.1207548578175009,-0.1205554611845946,-0.1205545187261179
0.2921535893155259,-0.1195241062017466,-0.1192370504516691,-0.1197413995147567,-0.1195250449038008,-0.1195241061997385
0.2938230383973289,-0.1185042349052981,-0.1179935331861536,-0.1187377559203606,-0.1185051619258582,-0.1185042349027948
0.2954924874791319,-0.1174948159988849,-0.1167633382810027,-0.1177438060954863,-0.1174957235929506,-0.1174948159959685
0.2971619365609349,-0.116495760387275,-0.1155465226447555,-0.1167594310710831,-0.1164966410542282,-0.1164957603840393
0.2988313856427379,-0.1155069787667653,-0.1143431385675615,-0.1157845139372419,-0.1155078253104977,-0.1155069787633133
0.3005008347245409,-0.114528381670782,-0.1131532337377387,-0.1148189399249645,-0.1145291872566212,-0.1145283816672221
0.3021702838063439,-0.1135598795136985,-0.1119768512599449,-0.1138625964803867,-0.1135606377217002,-0.1135598795101415
0.3038397328881469,-0.1126013826329207,-0.1108140296749532,-0.1129153733315189,-0.1126020875071289,-0.112601382629476
0.3055091819699499,-0.1116528013292846,-0.1096648029810134,-0.1119771625475764,-0.1116534474226008,-0.1116528013260573
0.3071786310517529,-0.1107140459058135,-0.1085292006567894,-0.1110478585909845,-0.1107146283201541,-0.110714045902901
0.3088480801335559,-0.10978502670488,-0.1074072476858553,-0.1101273583621555,-0.1097855411263448,-0.1097850267023689
0.3105175292153589,-0.1088656541438165,-0.1062989645827363,-0.109215561237142,-0.1088660968726351,-0.1088656541417805
0.3121869782971619,-0.1079558387490204,-0.1052043674204777,-0.1083123690982838,-0.1079562067240873,-0.1079558387475176
0.3138564273789649,-0.1070554911885943,-0.1041234678597261,-0.1074176863579749,-0.1070557820064515,-0.1070554911876661
0.3155258764607679,-0.1061645223035673,-0.103056273179306,-0.1065314199756854,-0.1061647342317386,-0.1061645223032369
0.3171953255425709,-0.1052828431377357,-0.1020027863082732,-0.105653479468385,-0.1052829751223658,-0.1052828431380079
0.3188647746243739,-0.1044103649661664,-0.1009630058594284,-0.1047837769145205,-0.104410416633963,-0.1044103649670273
0.3205342237061769,-0.1035469993224027,-0.0999369261642709,-0.10392222695171,-0.1035469709769275,-0.1035469993238205
0.3222036727879799,-0.1026926580244112,-0.0989245373093744,-0.1030687467683241,-0.1026925506368109,-0.1026926580263373
0.3238731218697829,-0.1018472531993095,-0.0979258251741651,-0.1022232560891333,-0.1018470683936223,-0.1018472532016803
0.3255425709515859,-0.1010106973069118,-0.0969407714700802,-0.1013856771552039,-0.1010104373401275,-0.1010106973096502
0.3272120200333889,-0.1001829031621295,-0.095969353781089,-0.1005559346982383,-0.1001825708992215,-0.1001829031651483
0.3288814691151919,-0.099363783956264,-0.095011545605553,-0.0997339559095551,-0.0993633828404516,-0.0993637839594678
0.330550918196995,-0.0985532532772255,-0.0940673163994041,-0.0989196704039151,-0.0985527872957596,-0.0985532532805144
0.332220367278798,-0.0977512251287141,-0.0931366316206199,-0.0981130101784027,-0.0977506987745127,-0.0977512251319863
0.333889816360601,-0.0969576139483957,-0.0922194527749703,-0.097313909566578,-0.0969570321778868,-0.0969576139515509
0.335559265442404,-0.0961723346251072,-0.0913157374630172,-0.0965223051881199,-0.0961717028126633,-0.0961723346280494
0.337228714524207,-0.0953953025151213,-0.0904254394283383,-0.0957381358941831,-0.0953946264044928,-0.0953953025177621
0.33889816360601,-0.0946264334575049,-0.089548508606956,-0.0949613427086983,-0.0946257191106814,-0.0946264334597658
0.340567612687813,-0.0938656437885999,-0.0886848911779429,-0.0941918687658459,-0.0938648975325419,-0.0938656437904146
0.342237061769616,-0.0931128503556569,-0.0878345296151829,-0.0934296592439376,-0.0931120787273578,-0.0931128503569735
0.343906510851419,-0.0923679705296513,-0.0869973627402592,-0.0926746612959426,-0.0923671802199935,-0.0923679705304335
0.345575959933222,-0.0916309222173105,-0.0861733257764463,-0.0919268239768957,-0.0916301200141873,-0.0916309222175387
0.347245409015025,-0.0909016238723786,-0.0853623504037785,-0.0911860981684305,-0.0909008166035554,-0.0909016238720505
0.348914858096828,-0.0901799945061477,-0.0845643648151697,-0.0904524365006742,-0.0901791889823299,-0.0901799945052779
0.350584307178631,-0.0894659536972801,-0.0837792937735561,-0.08972579327175,-0.0894651566558532,-0.0894659536958996
0.352253756260434,-0.088759421600948,-0.0830070586700378,-0.0890061243651272,-0.0887586396508421,-0.0887594215991031
0.353923205342237,-0.0880603189573156,-0.0822475775829879,-0.0882933871650603,-0.0880595585254342,-0.0880603189550669
0.35559265442404,-0.0873685670993874,-0.0815007653381055,-0.0875875404703599,-0.0873678343790228,-0.0873685670968069
0.357262103505843,-0.0866840879602469,-0.080766533569382,-0.0868885444067331,-0.0866833888618852,-0.0866840879574163
0.358931552587646,-0.086006804079707,-0.0800447907809531,-0.0861963603379349,-0.0860061441846022,-0.0860068040767151
0.360601001669449,-0.0853366386103964,-0.0793354424098083,-0.0855109507759642,-0.0853360231272657,-0.085336638607336
0.362270450751252,-0.0846735153233024,-0.0786383908893294,-0.084832279290541,-0.0846729490484683,-0.0846735153202679
0.363939899833055,-0.0840173586127907,-0.0779535357136271,-0.0841603104180943,-0.0840168458940624,-0.0840173586098749
0.3656093489148581,-0.0833680935011237,-0.0772807735026498,-0.0834950095704917,-0.0833676382056795,-0.083368093498415
0.3672787979966611,-0.0827256456424957,-0.0766199980680307,-0.0828363429437331,-0.0827252511289905,-0.0827256456400754
0.3689482470784641,-0.0820899413266055,-0.0759711004796479,-0.0821842774268312,-0.0820896104216942,-0.0820899413245456
0.3706176961602671,-0.0814609074817838,-0.0753339691328636,-0.0815387805110957,-0.0814606424612116,-0.0814609074801444
0.3722871452420701,-0.0808384716776939,-0.0747084898164156,-0.0808998202000322,-0.0808382742520674,-0.0808384716765223
0.3739565943238731,-0.0802225621276236,-0.0740945457809281,-0.0802673649200653,-0.0802224334329366,-0.0802225621269521
0.3756260434056761,-0.0796131076903842,-0.0734920178080133,-0.0796413834322868,-0.079613048283335,-0.0796131076902297
0.3772954924874791,-0.0790100378718338,-0.0729007842799316,-0.0790218447454257,-0.0790100477299294,-0.0790100378721972
0.3789649415692821,-0.0784132828260407,-0.0723207212497809,-0.0784087180302323,-0.0784133613524458,-0.078413282826907
0.3806343906510851,-0.0778227733561014,-0.0717517025121835,-0.0778019725354593,-0.0778229193891525,-0.0778227733574406
0.3823038397328881,-0.0772384409146299,-0.071193599674439,-0.0772015775056204,-0.0772386527418965,-0.0772384409163976
0.3839732888146911,-0.0766602176039301,-0.0706462822281136,-0.0766075021006966,-0.0766604929806713,-0.0766602176060692
0.3856427378964941,-0.0760880361758683,-0.0701096176210333,-0.0760197153179567,-0.0760883723476961,-0.0760880361783105
0.3873121869782971,-0.0755218300314561,-0.06958347132965,-0.0754381859160483,-0.0755222237609878,-0.0755218300341248
0.3889816360601001,-0.0749615332201596,-0.0690677069317494,-0.074862882341512,-0.0749619808174074,-0.0749615332229716
0.3906510851419032,-0.0744070804389457,-0.0685621861794692,-0.0742937726578596,-0.074407577795168,-0.0744070804418139
0.3923205342237062,-0.0738584070310776,-0.0680667690725966,-0.0737308244773545,-0.0738589496557868,-0.0738584070339141
0.3939899833055092,-0.0733154489846735,-0.067581313932113,-0.073174004895619,-0.0733160320454746,-0.0733154489873917
0.3956594323873122,-0.0727781429310363,-0.067105677473954,-0.0726232804291911,-0.0727787612959499,-0.0727781429335539
0.3973288814691152,-0.0722464261427686,-0.0666397148829559,-0.0720786169561401,-0.072247074424675,-0.0722464261450101
0.3989983305509182,-0.0717202365316822,-0.0661832798869533,-0.0715399796598463,-0.0717209091345077,-0.0717202365335809
0.4006677796327212,-0.0711995126465114,-0.0657362248310002,-0.0710073329760379,-0.0712002038127695,-0.0711995126480117
0.4023372287145242,-0.0706841936704423,-0.0652984007516805,-0.0704806405431736,-0.0706848975297321,-0.070684193671501
0.4040066777963272,-0.0701742194184654,-0.0648696574514787,-0.0699598651562477,-0.070174930036527,-0.070174219419053
0.4056761268781302,-0.069669530334562,-0.0644498435731776,-0.0694449687240889,-0.0696702417624865,-0.0696695303346636
0.4073455759599332,-0.069170067488733,-0.0640388066742544,-0.068935912230212,-0.0691707738119259,-0.0691700674883487
0.4090150250417362,-0.0686757725738786,-0.063636393301241,-0.0684326556972768,-0.0686764679603825,-0.0686757725730234
0.4106844741235392,-0.0681865879025371,-0.0632424490640211,-0.0679351581551974,-0.0681872666503259,-0.0681865879012399
0.4123539232053422,-0.0677024564034902,-0.0628568187100305,-0.0674433776129377,-0.06770311298636,-0.0677024564017936
0.4140233722871452,-0.0672233216182446,-0.0624793461983313,-0.0669572710340194,-0.0672239507299384,-0.0672233216162029
0.4156928213689482,-0.066749127697394,-0.0621098747735297,-0.0664767943157616,-0.066749724293617,-0.0667491276950716
0.4173622704507512,-0.0662798193968716,-0.0617482470395063,-0.0660019022722627,-0.0662803787348716,-0.0662798193943412
0.4190317195325542,-0.0658153420740979,-0.0613943050329293,-0.0655325486211241,-0.0658158597495081,-0.065815342071438
0.4207011686143573,-0.065355641684032,-0.0610478902965205,-0.0650686859739119,-0.0653561136646975,-0.0653556416813246
0.4223706176961603,-0.0649006647751311,-0.0607088439520442,-0.0646102658303399,-0.0649010874316668,-0.064900664772459
0.4240400667779633,-0.0644503584852256,-0.0603770067729903,-0.0641572385761523,-0.0644507286180817,-0.0644503584826702
0.4257095158597663,-0.0640046705373152,-0.0600522192569206,-0.0637095534846752,-0.0640049854001555,-0.0640046705349537
0.4273789649415693,-0.0635635492352915,-0.0597343216974511,-0.0632671587219987,-0.0635638065545219,-0.0635635492331949
0.4290484140233723,-0.0631269434595924,-0.0594231542558403,-0.0628300013557435,-0.0631271414499078,-0.063126943457823
0.4307178631051753,-0.0626948026627944,-0.0591185570321553,-0.0623980273673593,-0.0626949400386458,-0.0626948026614043
0.4323873121869783,-0.0622670768651464,-0.0588203701359873,-0.061971181667894,-0.0622671528480639,-0.0622670768641756
0.4340567612687813,-0.0618437166500508,-0.0585284337566891,-0.0615494081171664,-0.061843730971792,-0.0618437166495267
0.4357262103505843,-0.0614246731594968,-0.0582425882331054,-0.0611326495462682,-0.0614246260610214,-0.0614246731594327
0.4373956594323873,-0.0610098980894487,-0.0579626741227706,-0.0607208477833148,-0.0610097903157581,-0.061009898089844
0.4390651085141903,-0.0605993436851954,-0.0576885322705453,-0.0603139436823566,-0.0605991764761053,-0.0605993436860354
0.4407345575959933,-0.0601929627366638,-0.0574200038766649,-0.0599118771553585,-0.060192737813611,-0.0601929627379204
0.4424040066777963,-0.0597907085737006,-0.0571569305641756,-0.059514587207149,-0.0597904281227179,-0.0597907085753333
0.4440734557595993,-0.059392535061326,-0.0568991544457293,-0.0591220119732317,-0.0593922017123462,-0.0593925350632829
0.4457429048414023,-0.0589983965949633,-0.0566465181897131,-0.0587340887603523,-0.0589980133976446,-0.058998396597183
0.4474123539232053,-0.0586082480956468,-0.0563988650856887,-0.0583507540897034,-0.0586078184919364,-0.0586082480980602
0.4490818030050083,-0.0582220450052128,-0.0561560391091142,-0.0579719437426488,-0.0582215727988909,-0.0582220450077453
0.4507512520868113,-0.0578397432814752,-0.0559178849853272,-0.0575975928088422,-0.0578392326049453,-0.057839743284049
0.4524207011686143,-0.05746129939339,-0.0556842482527621,-0.0572276357366121,-0.0574607546720002,-0.0574612993959266
0.4540901502504173,-0.0570866703162112,-0.055454975325379,-0.0568620063854798,-0.0570860962304093,-0.0570866703186334
0.4557595993322204,-0.0567158135266397,-0.0552299135542819,-0.0565006380806762,-0.0567152149722827,-0.0567158135288743
0.4574290484140234,-0.0563486869979701,-0.0550089112885005,-0.0561434636695158,-0.0563480690451175,-0.0563486869999501
0.4590984974958264,-0.0559852491952359,-0.0547918179349167,-0.0557904155794878,-0.0559846170457703,-0.0559852491969022
0.4607679465776294,-0.0556254590703556,-0.0545784840173108,-0.0554414258779186,-0.0556248180147788,-0.0556254590716592
0.4624373956594323,-0.0552692760572842,-0.054368761234507,-0.0550964263330585,-0.0552686314310419,-0.0552692760581871
0.4641068447412353,-0.0549166600671683,-0.0541625025175978,-0.054755348476444,-0.0549160172068594,-0.0549166600676451
0.4657762938230384,-0.0545675714835116,-0.053959562086225,-0.0544181236663843,-0.054566935683335,-0.0545675714835498
0.4674457429048414,-0.0542219711573481,-0.0537597955038987,-0.0540846831524215,-0.0542213476261377,-0.0542219711569486
0.4691151919866444,-0.0538798204024284,-0.0535630597323337,-0.0537549581406089,-0.0538792142216187,-0.0538798204016056
0.4707846410684474,-0.0535410809904192,-0.0533692131847848,-0.053428879859456,-0.0535404970732752,-0.0535410809892001
0.4724540901502504,-0.0532057151461177,-0.0531781157783606,-0.0531063796263853,-0.0532051581985508,-0.0532057151445414
0.4741235392320534,-0.0528736855426833,-0.0529896289853011,-0.0527873889145464,-0.0528731600259598,-0.0528736855407994
0.4757929883138564,-0.052544955296887,-0.0528036158831971,-0.0524718394198341,-0.0525444653925196,-0.0525449552947543
0.4774624373956594,-0.0522194879643809,-0.0526199412041378,-0.0521596631279567,-0.0522190375414737,-0.0522194879620655
0.4791318864774624,-0.051897247534989,-0.0524384713827679,-0.0518507923814027,-0.0518968401202856,-0.051897247532562
0.4808013355592654,-0.0515781984280195,-0.0522590746032393,-0.0515451599461549,-0.0515778371788819,-0.0515781984255555
0.4824707846410684,-0.0512623054876018,-0.0520816208450409,-0.0512426990780014,-0.0512619931681201,-0.0512623054851757
0.4841402337228714,-0.0509495339780471,-0.0519059819276925,-0.0509433435882966,-0.0509492729384581,-0.0509495339757327
0.4858096828046744,-0.0506398495792357,-0.0517320315542869,-0.050647027909026,-0.0506396417387962,-0.0506398495771029
0.4874791318864774,-0.0503332183820305,-0.0515596453538684,-0.0503536871570324,-0.050333065215468,-0.0503332183801434
0.4891485809682804,-0.0500296068837183,-0.0513887009226318,-0.050063257197261,-0.050029509411347,-0.0500296068821332
0.4908180300500835,-0.04972898198348,-0.0512190778639321,-0.0497756747048879,-0.0497289407650451,-0.0497289819822437
0.4924874791318865,-0.04943131097789,-0.0510506578270893,-0.0494908772261968,-0.0494313261101695,-0.0494313109770388
0.4941569282136895,-0.0491365615564459,-0.0508833245449795,-0.0492088032380713,-0.0491366326746114,-0.0491365615560041
0.4958263772954925,-0.0488447017971294,-0.0507169638704,-0.0489293922059788,-0.0488448280798351,-0.0488447017971086
0.4974958263772955,-0.0485557001619982,-0.0505514638111978,-0.048652584640319,-0.0485558803401407,-0.0485557001623974
0.4991652754590985,-0.0482695254928112,-0.0503867145641521,-0.0483783221510211,-0.0482697578618695,-0.0482695254936164
0.5008347245409015,-0.0479861470066852,-0.0502226085476006,-0.0481065475002724,-0.0479864294425268,-0.0479861470078705
0.5025041736227045,-0.0477055342917866,-0.0500590404328026,-0.0478372046532699,-0.0477058642697939,-0.0477055342933144
0.5041736227045075,-0.0474276573030557,-0.0498959071740282,-0.0475702388268884,-0.0474280319204044,-0.0474276573048782
0.5058430717863105,-0.0471524863579659,-0.0497331080373688,-0.0473055965361653,-0.0471529023588618,-0.0471524863600264
0.5075125208681135,-0.0468799921323175,-0.0495705446282596,-0.0470432256385072,-0.0468804459359748,-0.0468799921345526
0.5091819699499165,-0.0466101456560672,-0.0494081209177092,-0.0467830753755273,-0.04661063338719,-0.0466101456584083
0.5108514190317195,-0.0463429183091922,-0.0492457432672299,-0.0465250964124305,-0.0463434358307049,-0.0463429183115678
0.5125208681135225,-0.0460782818175912,-0.0490833204524638,-0.0462692408748668,-0.0460788247653425,-0.0460782818199287
0.5141903171953255,-0.04581620824902,-0.0489207636854997,-0.0460154623831796,-0.0458167720681751,-0.0458162082512487
0.5158597662771286,-0.0455566700090653,-0.0487579866358775,-0.0457637160839829,-0.0455572499918846,-0.0455566700111179
0.5175292153589316,-0.0452996398371538,-0.0485949054502759,-0.0455139586790051,-0.0453002311618499,-0.0452996398389686
0.5191986644407346,-0.0450450908025982,-0.0484314387708814,-0.0452661484511446,-0.0450456885729542,-0.0450450908041208
0.5208681135225376,-0.0447929963006807,-0.0482675077524357,-0.0450202452876892,-0.0447935955861078,-0.0447929963018658
0.5225375626043406,-0.0445433300487726,-0.0481030360779608,-0.0447762107006547,-0.0445439259244852,-0.0445433300495854
0.5242070116861436,-0.0442960660824924,-0.0479379499731595,-0.0445340078442082,-0.044296653669475,-0.0442960660829096
0.5258764607679466,-0.0440511787519001,-0.0477721782194924,-0.0442936015291444,-0.0440517532563487,-0.0440511787519103
0.5275459098497496,-0.0438086427177289,-0.0476056521659305,-0.0440549582343916,-0.0438091994696508,-0.043808642717333
0.5292153589315526,-0.0435684329476548,-0.0474383057393848,-0.0438180461155309,-0.043568967438321,-0.0435684329468663
0.5308848080133556,-0.0433305247126034,-0.0472700754538138,-0.0435828350103154,-0.0433310326305576,-0.0433305247114475
0.5325542570951586,-0.0430948935830938,-0.0471009004180114,-0.0433492964411863,-0.0430953708484342,-0.0430948935816068
0.5342237061769616,-0.0428615154256201,-0.0469307223420774,-0.0431174036147872,-0.0428619582222865,-0.0428615154238481
0.5358931552587646,-0.0426303663990705,-0.0467594855425739,-0.0428871314184832,-0.0426307712048845,-0.0426303663970683
0.5375626043405676,-0.042401422951183,-0.0465871369463711,-0.0426584564139009,-0.0424017865654093,-0.0424014229490121
0.5392320534223706,-0.0421746618150392,-0.0464136260931874,-0.0424313568275074,-0.0421749813832561,-0.0421746618127661
0.5409015025041737,-0.0419500600055948,-0.046238905136828,-0.0422058125382563,-0.0419503330416841,-0.0419500600032887
0.5425709515859767,-0.0417275948162468,-0.0460629288451275,-0.0419818050623318,-0.0417278192213375,-0.0417275948139778
0.5442404006677797,-0.0415072438154383,-0.0458856545986038,-0.0417593175350306,-0.0415074178936634,-0.0415072438132753
0.5459098497495827,-0.0412889848432999,-0.045707042387827,-0.041538334689824,-0.0412891073142503,-0.0412889848413083
0.5475792988313857,-0.0410727960083275,-0.0455270548095146,-0.0413188428346515,-0.0410728660161157,-0.0410727960065672
0.5492487479131887,-0.0408586556840972,-0.0453456570613564,-0.0411008298255006,-0.0408586728029693,-0.0408586556826211
0.5509181969949917,-0.0406465425060159,-0.0451628169355807,-0.0408842850373336,-0.0406465067424789,-0.0406465425048679
0.5525876460767947,-0.0404364353681085,-0.0449785048112686,-0.0406691993324276,-0.0404363471595673,-0.0404364353673227
0.5542570951585977,-0.0402283134198414,-0.0447926936454264,-0.0404555650261996,-0.0402281736297678,-0.0402283134194406
0.5559265442404007,-0.040022156062981,-0.0446053589628266,-0.0402433758505914,-0.0400219659726656,-0.0400221560629765
0.5575959933222037,-0.039817942948489,-0.0444164788446263,-0.0400326269150973,-0.0398177042454513,-0.0398179429488798
0.5592654424040067,-0.0396156539734519,-0.044226033915776,-0.0398233146655181,-0.0396153687366139,-0.0396156539742252
0.5609348914858097,-0.0394152692780467,-0.0440340073312279,-0.0396154368405332,-0.0394149399597977,-0.0394152692791781
0.5626043405676127,-0.0392167692425411,-0.0438403847609583,-0.0394089924261838,-0.0392163986478468,-0.0392167692439954
0.5642737896494157,-0.0390201344843288,-0.043645154373814,-0.0392039816083664,-0.0390197257470613,-0.0390201344860611
0.5659432387312188,-0.0388253458549989,-0.0434483068201974,-0.0390004057234374,-0.0388249024116853,-0.0388253458569559
0.5676126878130218,-0.0386323844374399,-0.0432498352136027,-0.0387982672070355,-0.0386319099986474,-0.0386323844395618
0.5692821368948248,-0.038441231542978,-0.0430497351110183,-0.0385975695412296,-0.0384407300625702,-0.0384412315452
0.5709515859766278,-0.0382518687085487,-0.0428480044922083,-0.038398317200106,-0.0382513443510666,-0.0382518687108032
0.5726210350584308,-0.0380642776939022,-0.0426446437378891,-0.038200515593907,-0.0380637348003358,-0.0380642776961206
0.5742904841402338,-0.0378784404788422,-0.042439655606816,-0.0380041710118409,-0.0378778835310698,-0.0378784404809574
0.5759599332220368,-0.0376943392604974,-0.0422330452117957,-0.0378092905636818,-0.0376937728446825,-0.0376943392624454
0.5776293823038398,-0.0375119564506264,-0.0420248199946407,-0.0376158821202811,-0.0375113852198662,-0.0375119564523484
0.5792988313856428,-0.0373312746729542,-0.0418149897000827,-0.0374239542531146,-0.0373307033094816,-0.0373312746743984
0.5809682804674458,-0.0371522767605416,-0.0416035663486612,-0.0372335161729914,-0.037151709937783,-0.0371522767616648
0.5826377295492488,-0.0369749457531865,-0.0413905642086062,-0.0370445776680495,-0.0369743880979802,-0.0369749457539551
0.5843071786310517,-0.0367992648948564,-0.0411759997667312,-0.0368571490411669,-0.0367987209501325,-0.0367992648952478
0.5859766277128547,-0.0366252176311528,-0.0409598916983567,-0.036671241046917,-0.0366246918193723,-0.0366252176311559
0.5876460767946577,-0.0364527876068065,-0.0407422608362809,-0.0364868648281967,-0.0364522841944499,-0.0364527876064217
0.5893155258764607,-0.0362819586632035,-0.0405231301388182,-0.0363040318526564,-0.0362814817265905,-0.0362819586624432
0.5909849749582639,-0.0361127148359417,-0.0403025246569246,-0.0361227538490619,-0.0361122682286518,-0.0361127148348296
0.5926544240400669,-0.0359450403524179,-0.0400804715004289,-0.0359430427437171,-0.0359446276745689,-0.0359450403509884
0.5943238731218699,-0.0357789196294447,-0.0398569998033916,-0.0357649105970762,-0.0357785441990704,-0.0357789196277416
0.5959933222036728,-0.0356143372708966,-0.03963214068861,-0.0355883695406719,-0.0356140020976483,-0.0356143372689719
0.5976627712854758,-0.035451278065386,-0.0394059272312918,-0.0354134317144892,-0.0354509858267623,-0.0354512780632984
0.5993322203672788,-0.0352897269839683,-0.039178394421918,-0.0352401092049077,-0.0352894800042586,-0.0352897269817815
0.6010016694490818,-0.0351296691778756,-0.0389495791283162,-0.035068413983337,-0.0351294694099797,-0.0351296691756558
0.6026711185308848,-0.0349710899762785,-0.0387195200569661,-0.0348983578456694,-0.034970938986542,-0.0349710899740933
0.6043405676126878,-0.0348139748840772,-0.0384882577135602,-0.0347299523526667,-0.0348138738402578,-0.0348139748819927
0.6060100166944908,-0.0346583095797191,-0.0382558343628404,-0.0345632087714026,-0.0346582592421745,-0.0346583095777985
0.6076794657762938,-0.0345040799130452,-0.0380222939877345,-0.034398138017873,-0.034504080629207,-0.0345040799113465
0.6093489148580968,-0.0343512719031633,-0.0377876822478149,-0.0342347506008903,-0.0343513236053349,-0.0343512719017377
0.6110183639398998,-0.0341998717363483,-0.0375520464371025,-0.034073056567368,-0.034199973942839,-0.0341998717352387
0.6126878130217028,-0.034049865763969,-0.0373154354412394,-0.0339130654491054,-0.0340500175835499,-0.0340498657632087
0.6143572621035058,-0.0339012405004419,-0.037077899694054,-0.0337547862111743,-0.0339014406400821,-0.0339012405000537
0.6160267111853088,-0.0337539826212111,-0.0368394911335413,-0.0335982272020072,-0.0337542293970273,-0.0337539826212063
0.6176961602671118,-0.0336080789607533,-0.0366002631572849,-0.0334433961052844,-0.0336083703120819,-0.0336080789611318
0.6193656093489148,-0.0334635165106094,-0.036360270577341,-0.033290299893711,-0.0334638500170821,-0.0334635165113592
0.6210350584307178,-0.0333202824174408,-0.0361195695746125,-0.0331389447847726,-0.0333206553189252,-0.033320282418539
0.6227045075125208,-0.0331783639811111,-0.0358782176527356,-0.0329893361985532,-0.0331787732003518,-0.0331783639825241
0.6243739565943238,-0.0330377486527922,-0.035636273591504,-0.0328414787176951,-0.0330381908205694,-0.0330377486544769
0.6260434056761269,-0.0328984240330951,-0.0353937973998554,-0.0326953760495746,-0.0328988955156962,-0.0328984240350003
0.6277128547579299,-0.0327603778702249,-0.0351508502684459,-0.0325510309907661,-0.0327608747990072,-0.0327603778722926
0.6293823038397329,-0.0326235980581594,-0.0349074945218362,-0.0324084453938565,-0.0326241163609669,-0.0326235980603269
0.6310517529215359,-0.032488072634852,-0.0346637935703162,-0.0322676201366732,-0.0324886080690315,-0.0324880726370535
0.6327212020033389,-0.0323537897804571,-0.0344198118613916,-0.0321285550939797,-0.0323543379672116,-0.0323537897826258
0.6343906510851419,-0.0322207378155792,-0.0341756148309595,-0.0319912491116896,-0.0322212942753812,-0.0322207378176494
0.6360601001669449,-0.0320889051995447,-0.033931268854197,-0.0318556999836427,-0.032089465388327,-0.0320889052014538
0.6377295492487479,-0.0319582805286962,-0.0336868411961893,-0.0317219044309845,-0.0319588398745315,-0.0319582805303862
0.6393989983305509,-0.031828852534709,-0.0334423999623223,-0.0315898580841824,-0.0318294064746855,-0.0318288525361289
0.6410684474123539,-0.0317006100829296,-0.033198014048465,-0.0314595554677075,-0.0317011540999282,-0.0317006100840364
0.6427378964941569,-0.0315735421707364,-0.0329537530909684,-0.0313309899874053,-0.0315740718298177,-0.0315735421714966
0.6444073455759599,-0.0314476379259212,-0.0327096874165051,-0.0312041539205732,-0.0314481489100321,-0.0314476379263118
0.6460767946577629,-0.0313228866050924,-0.0324658879917758,-0.0310790384087575,-0.0313233747498087,-0.0313228866051017
0.6477462437395659,-0.0311992775920992,-0.032222426373109,-0.0309556334532754,-0.0311997389191286,-0.0311992775917269
0.6494156928213689,-0.0310768003964762,-0.0319793746559778,-0.0308339279134649,-0.0310772311456558,-0.0310768003957336
0.6510851419031719,-0.0309554446519088,-0.0317368054244612,-0.0307139095076563,-0.0309558413114427,-0.0309554446508184
0.6527545909849749,-0.0308352001147187,-0.0314947917006735,-0.0305955648168572,-0.0308355594494167,-0.0308352001133135
0.6544240400667779,-0.0307160566623691,-0.0312534068941894,-0.0304788792911345,-0.0307163757396627,-0.0307160566606917
0.6560934891485809,-0.0305980042919903,-0.0310127247514873,-0.0303638372586726,-0.0305982805055193,-0.0305980042900915
0.6577629382303839,-0.0304810331189243,-0.0307728193054395,-0.0302504219374828,-0.0304812642095085,-0.0304810331168616
0.6594323873121869,-0.0303651333752886,-0.030533764824871,-0.0301386154497302,-0.0303653174491173,-0.0303651333731244
0.66110183639399,-0.030250295408559,-0.0302956357642146,-0.0300283988386439,-0.0302504309524557,-0.030250295406359
0.662771285475793,-0.0301365096801719,-0.0300585067132861,-0.0299197520879661,-0.0301365955738126,-0.0301365096780026
0.664440734557596,-0.0300237667641439,-0.0298224523472044,-0.0298126541438954,-0.0300238022891327,-0.0300237667620711
0.666110183639399,-0.0299120573457109,-0.0295875473764813,-0.02970708293947,-0.0299120421914413,-0.0299120573437975
0.667779632721202,-0.0298013722199842,-0.0293538664973055,-0.0296030154213363,-0.0298013064862395,-0.0298013722182883
0.669449081803005,-0.0296917022906257,-0.0291214843420461,-0.0295004275788389,-0.029691586486898,-0.0296917022891987
0.671118530884808,-0.0295830385685394,-0.0288904754299978,-0.0293992944753689,-0.0295828736100727,-0.0295830385674248
0.672787979966611,-0.0294753721705813,-0.0286609141183932,-0.0292995902818962,-0.0294751593711696,-0.029475372169813
0.674457429048414,-0.0293686943182859,-0.0284328745537068,-0.0292012883126144,-0.0293684353798834,-0.0293686943178874
0.676126878130217,-0.02926299633661,-0.0282064306232719,-0.0291043610626172,-0.0292626933358349,-0.0292629963365938
0.67779632721202,-0.0291582696526932,-0.0279816559072358,-0.0290087802475237,-0.0291579250243321,-0.02915826965306
0.6794657762938231,-0.0290545057946347,-0.0277586236308763,-0.0289145168449659,-0.0290541223122773,-0.0290545057953738
0.6811352253756261,-0.0289516963902869,-0.0275374066173011,-0.0288215411378482,-0.0289512771442438,-0.0289516963913761
0.6828046744574291,-0.0288498331660644,-0.0273180772405541,-0.0287298227592849,-0.0288493815387428,-0.0288498331674712
0.6844741235392321,-0.0287489079457698,-0.0271007073791509,-0.0286393307391176,-0.0287484275847001,-0.0287489079474517
0.6861435726210351,-0.0286489126494342,-0.0268853683700647,-0.0285500335519143,-0.0286484074381623,-0.0286489126513407
0.6878130217028381,-0.0285498392921745,-0.0266721309631859,-0.0284618991663455,-0.0285493133192474,-0.028549839294248
0.6894824707846411,-0.0284516799830647,-0.0264610652762754,-0.0283748950958319,-0.0284511375093561,-0.0284516799852426
0.6911519198664441,-0.028354426924023,-0.0262522407504345,-0.028288988450357,-0.0283538723486556,-0.0283544269262395
0.6928213689482471,-0.0282580724087139,-0.0260457261061111,-0.0282041459893323,-0.0282575102338488,-0.0282580724109018
0.6944908180300501,-0.0281626088214647,-0.025841589299664,-0.0281203341754045,-0.0281620436162352,-0.0281626088235577
0.6961602671118531,-0.0280680286361966,-0.0256398974805044,-0.0280375192290904,-0.0280674650000721,-0.0280680286381312
0.6978297161936561,-0.0279743244153705,-0.0254407169488357,-0.0279556671841234,-0.02797376694124,-0.0279743244170878
0.6994991652754591,-0.0278814888089465,-0.025244113114011,-0.0278747439433954,-0.0278809420462146,-0.0278814888103941
0.7011686143572621,-0.0277895145533575,-0.0250501504535272,-0.0277947153353765,-0.0277889829713448,-0.0277895145544911
0.7028380634390651,-0.0276983944704968,-0.0248588924726752,-0.0277155471708931,-0.0276978824224344,-0.0276983944712817
0.7045075125208681,-0.0276081214667195,-0.0246704016648646,-0.0276372053001468,-0.0276076331546244,-0.0276081214671312
0.7061769616026711,-0.0275186885318564,-0.0244847394726409,-0.0275596556698519,-0.0275182279725665,-0.0275186885318819
0.7078464106844741,-0.0274300887382424,-0.0243019662494138,-0.0274828643803755,-0.0274296597308804,-0.0274300887378801
0.7095158597662771,-0.0273423152397572,-0.024122141221913,-0.027406797742757,-0.0273419213348844,-0.0273423152390175
0.7111853088480801,-0.0272553612708791,-0.0239453224533893,-0.027331422335491,-0.0272550057415839,-0.0272553612697836
0.7128547579298831,-0.0271692201457517,-0.0237715668075777,-0.0272567050609535,-0.0271689059609048,-0.0271692201443329
0.7145242070116861,-0.0270838852572633,-0.0236009299134381,-0.0271826132013537,-0.0270836150571535,-0.0270838852555636
0.7161936560934891,-0.0269993500761382,-0.0234334661306902,-0.0271091144740965,-0.0269991261506859,-0.0269993500742084
0.7178631051752921,-0.0269156081500408,-0.0232692285161572,-0.0270361770864375,-0.0269154324197647,-0.026915608147939
0.7195325542570951,-0.0268326531026917,-0.0231082687909343,-0.0269637697893209,-0.026832527102583,-0.0268326531004811
0.7212020033388981,-0.0267504786329956,-0.0229506373083955,-0.0268918619302842,-0.0267504034994329,-0.0267504786307431
0.722871452420701,-0.0266690785141813,-0.0227963830230528,-0.0268204235053229,-0.0266690549749932,-0.0266690785119549
0.724540901502504,-0.0265884465929527,-0.0226455534602833,-0.0267494252096059,-0.0265884749607139,-0.02658844659082
0.726210350584307,-0.0265085767886521,-0.0224981946869339,-0.0266788384869369,-0.0265086569572697,-0.026508576786678
0.72787979966611,-0.0264294630924346,-0.02235435128282,-0.0266086355778585,-0.0264295945370586,-0.0264294630906791
0.7295492487479133,-0.0263510995664529,-0.0222140663131281,-0.0265387895663001,-0.0263512813467181,-0.0263510995649699
0.7312186978297163,-0.0262734803430547,-0.0220773813017344,-0.0264692744246716,-0.026273711109634,-0.0262734803418899
0.7328881469115193,-0.0261965996239896,-0.021944336205452,-0.0264000650573103,-0.0261968776284141,-0.026196599623179
0.7345575959933223,-0.0261204516796274,-0.0218149693892154,-0.0263311373421899,-0.0261207747873027,-0.0261204516791966
0.7362270450751253,-0.026045030848187,-0.0216893176022149,-0.0262624681708054,-0.0260453965545092,-0.0260450308481501
0.7378964941569283,-0.0259703315349757,-0.0215674159549891,-0.0261940354861505,-0.0259707369844273,-0.025970331535335
0.7395659432387313,-0.0258963482116387,-0.0214492978974849,-0.0261258183187085,-0.0258967902197203,-0.0258963482123844
0.7412353923205343,-0.0258230754154194,-0.0213349951980957,-0.0260577968203822,-0.02582355049325,-0.0258230754165301
0.7429048414023373,-0.025750507748429,-0.0212245379236835,-0.0259899522962913,-0.0257510121298289,-0.0257505077498722
0.7445742904841403,-0.0256786398769265,-0.0211179544205946,-0.0259222672343698,-0.0256791695477742,-0.0256786398786595
0.7462437395659433,-0.0256074665306088,-0.0210152712966757,-0.0258547253327043,-0.025608017260246,-0.0256074665325799
0.7479131886477463,-0.0255369825019095,-0.0209165134042972,-0.0257873115245518,-0.0255375498763536,-0.0255369825040598
0.7495826377295493,-0.0254671826453085,-0.0208217038243902,-0.0257200120009873,-0.0254677621020143,-0.0254671826475735
0.7512520868113522,-0.0253980618766503,-0.0207308638515023,-0.0256528142311308,-0.0253986487405519,-0.0253980618789618
0.7529215358931552,-0.0253296151724718,-0.0206440129798789,-0.0255857069799123,-0.0253302046930249,-0.0253296151747598
0.7545909849749582,-0.0252618375693393,-0.0205611688905733,-0.0255186803233352,-0.025262424958275,-0.0252618375715344
0.7562604340567612,-0.0251947241631945,-0.0204823474395907,-0.0254517256612051,-0.02519530463269,-0.0251947241652299
0.7579298831385642,-0.0251282701087098,-0.02040756264707,-0.0253848357272968,-0.0251288389096766,-0.0251282701105233
0.7595993322203672,-0.0250624706186522,-0.0203368266875057,-0.0253180045969344,-0.025063023078842,-0.0250624706201878
0.7612687813021702,-0.0249973209632556,-0.0202701498810135,-0.0252512276919693,-0.0249978525248837,-0.0249973209644659
0.7629382303839732,-0.0249328164696026,-0.0202075406856417,-0.0251845017831406,-0.0249333227261917,-0.0249328164704496
0.7646076794657762,-0.0248689525210141,-0.020149005690729,-0.0251178249898128,-0.0248694292531665,-0.0248689525214706
0.7662771285475792,-0.0248057245564474,-0.0200945496113119,-0.025051196777087,-0.0248061677662627,-0.0248057245564981
0.7679465776293822,-0.0247431280699028,-0.0200441752835798,-0.0249846179502898,-0.0247435340137653,-0.0247431280695445
0.7696160267111852,-0.0246811586098387,-0.0199978836613801,-0.0249180906468467,-0.024681523829312,-0.0246811586090805
0.7712854757929882,-0.0246198117785936,-0.0199556738137716,-0.0248516183255555,-0.0246201331291755,-0.0246198117774568
0.7729549248747912,-0.0245590832318178,-0.0199175429236255,-0.0247852057532759,-0.0245593579093201,-0.0245590832303352
0.7746243739565942,-0.0244989686779115,-0.019883486287273,-0.0247188589890615,-0.0244991942422518,-0.0244989686761265
0.7762938230383972,-0.0244394638774714,-0.019853497315197,-0.0246525853657611,-0.0244396382736806,-0.0244394638754368
0.7779632721202002,-0.024380564642745,-0.0198275675337652,-0.0245863934691243,-0.0243806862190156,-0.0243805646405212
0.7796327212020034,-0.0243222668370921,-0.0198056865880029,-0.0245202931144503,-0.0243223343597158,-0.0243222668347458
0.7813021702838064,-0.0242645663744543,-0.0197878422454003,-0.0244542953208224,-0.024264579039519,-0.0242645663720559
0.7829716193656094,-0.0242074592188315,-0.0197740204007514,-0.0243884122829791,-0.0242074166605757,-0.0242074592164535
0.7846410684474124,-0.024150941383766,-0.0197642050820195,-0.0243226573408718,-0.0241508436795106,-0.0241509413814805
0.7863105175292154,-0.0240950089318332,-0.0197583784572246,-0.0242570449469701,-0.0240948566034394,-0.02409500892971
0.7879799666110184,-0.0240396579741405,-0.0197565208423472,-0.0241915906313752,-0.024039451985968,-0.0240396579722448
0.7896494156928214,-0.0239848846698322,-0.0197586107102413,-0.0241263109648078,-0.0239846264231995,-0.0239848846682226
0.7913188647746244,-0.0239306852256019,-0.0197646247005526,-0.0240612235195428,-0.0239303765497775,-0.0239306852243287
0.7929883138564274,-0.0238770558952116,-0.019774537630632,-0.0239963468283644,-0.023876699034991,-0.0238770558943152
0.7946577629382304,-0.0238239929790175,-0.0197883225074391,-0.0239317003416211,-0.0238235905789685,-0.0238239929785272
0.7963272120200334,-0.0237714928235029,-0.0198059505404271,-0.0238673043824632,-0.0237710479089876,-0.0237714928234356
0.7979966611018364,-0.0237195518208168,-0.0198273911553991,-0.0238031801003481,-0.0237190677759237,-0.023719551821177
0.7996661101836394,-0.0236681664083203,-0.0198526120093307,-0.0237393494229058,-0.0236676469508633,-0.0236681664090995
0.8013355592654424,-0.0236173330681382,-0.0198815790061449,-0.023675835006253,-0.0236167822219053,-0.0236173330693152
0.8030050083472454,-0.0235670483267177,-0.0199142563134327,-0.0236126601838567,-0.023566470391171,-0.0235670483282591
0.8046744574290484,-0.0235173087543935,-0.0199506063801088,-0.0235498489140423,-0.0235167082720441,-0.0235173087562547
0.8063439065108514,-0.0234681109649581,-0.0199905899549891,-0.0234874257262506,-0.0234674926866593,-0.0234681109670847
0.8080133555926544,-0.0234194516152399,-0.020034166106283,-0.0234254156661461,-0.0234188204636557,-0.023419451617569
0.8096828046744574,-0.0233713274046855,-0.0200812922419849,-0.0233638442396829,-0.0233706884362116,-0.0233713274071478
0.8113522537562604,-0.0233237350749495,-0.0201319241311554,-0.0233027373562386,-0.0233230934403721,-0.023323735077471
0.8130217028380634,-0.0232766714094893,-0.0201860159260791,-0.023242121270924,-0.0232760323136813,-0.023276671411994
0.8146911519198664,-0.0232301332331661,-0.0202435201852849,-0.0231820225261822,-0.0232295018941275,-0.023230133235578
0.8163606010016694,-0.0231841174118517,-0.0203043878974176,-0.0231224678927905,-0.0231834990194073,-0.0231841174140971
0.8180300500834724,-0.0231386208520409,-0.0203685685059459,-0.0230634843103786,-0.0231380205265142,-0.0231386208540505
0.8196994991652754,-0.0230936405004695,-0.0204360099346923,-0.0230050988275803,-0.0230930632516509,-0.0230936405021806
0.8213689482470784,-0.0230491733437378,-0.0205066586141714,-0.0229473385419337,-0.0230486240304664,-0.0230491733450966
0.8230383973288814,-0.02300521640794,-0.0205804595087213,-0.022890230539648,-0.0230046996986135,-0.0230052164089027
0.8247078464106844,-0.0229617667582985,-0.0206573561444129,-0.022833801835353,-0.0229612870926223,-0.0229617667588331
0.8263772954924874,-0.022918821498804,-0.0207372906377208,-0.0227780793119499,-0.0229183830510801,-0.0229188214988911
0.8280467445742904,-0.0228763777718605,-0.0208202037249419,-0.0227230896606794,-0.0228759844161088,-0.0228763777714942
0.8297161936560935,-0.0228344327579361,-0.0209060347923425,-0.0226688593215253,-0.022834088035126,-0.022834432757124
0.8313856427378965,-0.0227929836752183,-0.0209947219070196,-0.0226154144240679,-0.0227926907628769,-0.0227929836739817
0.8330550918196995,-0.0227520277792751,-0.0210862018484583,-0.0225627807289048,-0.0227517894637177,-0.0227520277776483
0.8347245409015025,-0.0227115623627207,-0.0211804101407685,-0.0225109835697517,-0.0227113810141341,-0.0227115623607498
0.8363939899833055,-0.0226715847548862,-0.0212772810855822,-0.0224600477963371,-0.0226714623054728,-0.0226715847526285
0.8380634390651085,-0.022632092321496,-0.0213767477955953,-0.0224099977182031,-0.0226320302468651,-0.0226320923190174
0.8397328881469115,-0.0225930824643475,-0.0214787422287341,-0.0223608570495197,-0.0225930817683181,-0.0225930824617216
0.8414023372287146,-0.0225545526209976,-0.0215831952229285,-0.0223126488550247,-0.0225546138239479,-0.0225545526183027
0.8430717863105176,-0.0225165002644526,-0.021690036531473,-0.0222653954971903,-0.0225166233953312,-0.02251650026177
0.8447412353923206,-0.0224789229028631,-0.021799194858957,-0.0222191185847243,-0.0224791074949446,-0.0224789229002743
0.8464106844741236,-0.0224418180792241,-0.0219105978977443,-0.0221738389225033,-0.0224420631696671,-0.0224418180768084
0.8480801335559266,-0.0224051833710788,-0.0220241723649826,-0.0221295764630384,-0.0224054875043154,-0.0224051833689112
0.8497495826377296,-0.0223690163902284,-0.0221398440401227,-0.0220863502595683,-0.0223693776251838,-0.0223690163883768
0.8514190317195326,-0.0223333147824444,-0.0222575378029287,-0.0220441784208709,-0.0223337307035606,-0.0223333147809681
0.8530884808013356,-0.0222980762271876,-0.0223771776719569,-0.022003078067884,-0.0222985439591904,-0.0222980762261349
0.8547579298831386,-0.0222632984373296,-0.0224986868434848,-0.021963065292219,-0.0222638146636564,-0.0222632984367365
0.8564273789649416,-0.0222289791588801,-0.0226219877308684,-0.0219241551166511,-0.0222295401436523,-0.0222289791587689
0.8580968280467446,-0.0221951161707175,-0.0227470020043069,-0.0218863614576622,-0.0221957177841185,-0.0221951161710965
0.8597662771285476,-0.0221617072843244,-0.0228736506309953,-0.0218496970901124,-0.022162345031215,-0.022161707285187
0.8614357262103506,-0.0221287503435275,-0.0230018539156403,-0.0218141736141094,-0.0221294193951064,-0.0221287503448523
0.8631051752921536,-0.0220962432242405,-0.0231315315413228,-0.0217798014241412,-0.0220969384525353,-0.0220962432259921
0.8647746243739566,-0.022064183834213,-0.023262602610681,-0.0217465896805347,-0.0220648998491615,-0.0220641838363427
0.8664440734557596,-0.0220325701127816,-0.0233949856873953,-0.0217145462832966,-0.0220333013016461,-0.0220325701152287
0.8681135225375626,-0.0220014000306265,-0.0235285988379521,-0.0216836778483893,-0.0220021405994623,-0.0220014000333202
0.8697829716193656,-0.0219706715895317,-0.0236633596736646,-0.0216539896864893,-0.0219714156064154,-0.0219706715923928
0.8714524207011686,-0.0219403828221484,-0.0237991853929292,-0.0216254857842725,-0.0219411242618574,-0.0219403828250919
0.8731218697829716,-0.0219105317917636,-0.0239359928236941,-0.0215981687882622,-0.0219112645815838,-0.0219105317947009
0.8747913188647746,-0.0218811165920716,-0.0240736984661199,-0.0215720399912765,-0.0218818346584021,-0.0218811165949135
0.8764607679465776,-0.0218521353469503,-0.0242122185354079,-0.0215470993215,-0.0218528326623644,-0.0218521353496092
0.8781302170283806,-0.0218235862102399,-0.0243514690047747,-0.0215233453342057,-0.0218242568406585,-0.0218235862126329
0.8797996661101836,-0.0217954673655272,-0.0244913656485512,-0.021500775206144,-0.0217961055171549,-0.0217954673675782
0.8814691151919867,-0.0217677770259319,-0.0246318240853824,-0.0214793847326127,-0.0217683770916087,-0.0217677770275743
0.8831385642737897,-0.0217405134338979,-0.0247727598215072,-0.0214591683272152,-0.0217410700385198,-0.0217405134350767
0.8848080133555927,-0.0217136748609876,-0.0249140882940931,-0.0214401190243108,-0.0217141829056553,-0.021713674861661
0.8864774624373957,-0.0216872596076802,-0.0250557249146067,-0.0214222284841534,-0.0216877143122413,-0.0216872596078209
0.8881469115191987,-0.021661266003173,-0.0251975851121946,-0.0214054870007123,-0.0216616629468346,-0.0216612660027698
0.8898163606010017,-0.0216356924051871,-0.0253395843770543,-0.0213898835121626,-0.0216360275648861,-0.0216356924042448
0.8914858096828047,-0.0216105371997761,-0.0254816383037706,-0.0213754056140255,-0.0216108069860102,-0.0216105371983159
0.8931552587646077,-0.0215857988011384,-0.0256236626345979,-0.0213620395749387,-0.0215860000909772,-0.0215857987991975
0.8948247078464107,-0.0215614756514332,-0.0257655733026631,-0.0213497703550259,-0.0215616058184479,-0.0215614756490635
0.8964941569282137,-0.0215375662205992,-0.0259072864750691,-0.0213385816268354,-0.0215376231614706,-0.0215375662178668
0.8981636060100167,-0.0215140690061781,-0.0260487185958751,-0.0213284557988074,-0.0215140511637635,-0.0215140690031606
0.8998330550918197,-0.0214909825331398,-0.0261897864289327,-0.0213193740412296,-0.0214908889158073,-0.0214909825299248
0.9015025041736228,-0.0214683053537125,-0.0263304071005552,-0.0213113163146316,-0.0214681355507732,-0.0214683053503947
0.9031719532554257,-0.0214460360472149,-0.0264704981419982,-0.0213042614005682,-0.0214457902403137,-0.0214460360438938
0.9048414023372288,-0.0214241732198924,-0.0266099775317298,-0.0212981869347328,-0.0214238521902453,-0.021424173216669
0.9065108514190316,-0.0214027155047565,-0.0267487637374683,-0.0212930694423407,-0.0214023206361513,-0.0214027155017306
0.9081803005008346,-0.0213816615614271,-0.0268867757579665,-0.0212888843757174,-0.0213811948389351,-0.0213816615586942
0.9098497495826378,-0.0213610100759785,-0.0270239331645211,-0.0212856061540208,-0.0213604740803552,-0.0213610100736269
0.9115191986644408,-0.0213407597607879,-0.0271601561421848,-0.021283208205024,-0.0213401576585713,-0.0213407597588959
0.9131886477462438,-0.0213209093543879,-0.0272953655306616,-0.0212816630088816,-0.0213202448837342,-0.0213209093530214
0.9148580968280468,-0.0213014576213215,-0.0274294828648635,-0.0212809421437963,-0.0213007350736481,-0.0213014576205319
0.9165275459098498,-0.0212824033520005,-0.0275624304151074,-0.0212810163335018,-0.0212816275495372,-0.0212824033518225
0.9181969949916527,-0.0212637453625668,-0.0276941312269328,-0.0212818554964728,-0.0212629216319461,-0.0212637453630175
0.9198664440734556,-0.021245482494757,-0.0278245091605197,-0.0212834287967699,-0.0212446166368019,-0.0212454824958351
0.9215358931552587,-0.0212276136157699,-0.0279534889296847,-0.0212857046964235,-0.0212267118716671,-0.0212276136174551
0.9232053422370616,-0.0212101376181372,-0.0280809961404391,-0.0212886510092605,-0.0212092066322092,-0.0212101376203903
0.9248747913188649,-0.0211930534195965,-0.0282069573290853,-0.0212922349560698,-0.0211921001989125,-0.0211930534223609
0.9265442404006676,-0.0211763599629686,-0.0283312999998352,-0.0212964232210055,-0.0211753918340552,-0.0211763599661707
0.9282136894824708,-0.0211600562160363,-0.0284539526619289,-0.0213011820091204,-0.0211590807789744,-0.021160056219588
0.9298831385642736,-0.0211441411714272,-0.0285748448662377,-0.0213064771049229,-0.0211431662516382,-0.0211441411752279
0.9315525876460768,-0.0211286138464989,-0.0286939072413295,-0.0213122739318446,-0.0211276474445429,-0.0211286138504382
0.9332220367278798,-0.0211134732832271,-0.0288110715289811,-0.0213185376125106,-0.0211125235229508,-0.0211134732871881
0.9348914858096828,-0.0210987185480972,-0.0289262706191171,-0.0213252330296943,-0.0210977936234812,-0.0210987185519592
0.9365609348914858,-0.0210843487319976,-0.0290394385841593,-0.0213323248878466,-0.0210834568530668,-0.02108434873564
0.9382303839732888,-0.0210703629501169,-0.0291505107127683,-0.0213397777750795,-0.0210695122882817,-0.0210703629534226
0.9398998330550918,-0.0210567603418435,-0.0292594235429599,-0.0213475562254899,-0.0210559589750482,-0.0210567603447023
0.9415692821368948,-0.0210435400706681,-0.0293661148945806,-0.021355624781705,-0.0210427959287243,-0.0210435400729803
0.9432387312186978,-0.0210307013240886,-0.0294705239011247,-0.021363948057531,-0.021030022134573,-0.021030701325768
0.9449081803005008,-0.0210182433135186,-0.0295725910408763,-0.0213724908005879,-0.0210176365486096,-0.0210182433144952
0.9465776293823038,-0.0210061652741978,-0.0296722581673628,-0.0213812179548111,-0.0210056380988241,-0.0210061652744205
0.9482470784641068,-0.0209944664651058,-0.0297694685391019,-0.0213900947227027,-0.0209940256867689,-0.0209944664645444
0.9499165275459098,-0.020983146168878,-0.0298641668486277,-0.0213990866272142,-0.0209827981895018,-0.0209831461675246
0.9515859766277128,-0.0209722036917249,-0.0299562992507826,-0.0214081595731437,-0.0209719544618732,-0.0209722036895948
0.9532554257095158,-0.0209616383633538,-0.0300458133902584,-0.0214172799079332,-0.0209614933391402,-0.0209616383604855
0.9549248747913188,-0.0209514495368929,-0.0301326584283748,-0.021426414481748,-0.0209514136398903,-0.0209514495333483
0.9565943238731218,-0.0209416365888184,-0.0302167850690796,-0.0214355307067283,-0.0209417141692561,-0.0209416365846814
0.9582637729549248,-0.0209321989188847,-0.0302981455841597,-0.0214445966152974,-0.0209323937223983,-0.0209321989142597
0.9599332220367278,-0.0209231359500559,-0.0303766938376483,-0.02145358091742,-0.0209234510882321,-0.0209231359450659
0.9616026711185308,-0.0209144471284416,-0.0304523853094167,-0.0214624530566987,-0.0209148850533739,-0.0209144471232251
0.9632721202003338,-0.0209061319232342,-0.0305251771179387,-0.021471183265205,-0.020906694406279,-0.0209061319179422
0.9649415692821368,-0.0208981898266493,-0.0305950280422167,-0.0214797426169408,-0.0208988779415426,-0.0208981898214419
0.9666110183639398,-0.0208906203538684,-0.0306618985428565,-0.021488103079828,-0.0208914344643342,-0.0208906203489108
0.9682804674457428,-0.0208834230429845,-0.0307257507822829,-0.0214962375661297,-0.0208843627949352,-0.020883423038443
0.9699499165275458,-0.0208765974549505,-0.0307865486440832,-0.0215041199812055,-0.0208776617733474,-0.0208765974509883
0.9716193656093488,-0.0208701431735293,-0.0308442577514707,-0.021511725270511,-0.0208713302639407,-0.0208701431703022
0.9732888146911518,-0.0208640598052473,-0.0308988454848581,-0.0215190294647504,-0.0208653671601084,-0.0208640598029002
0.9749582637729548,-0.0208583469793505,-0.0309502809985315,-0.0215260097230982,-0.0208597713888962,-0.0208583469780131
0.9766277128547578,-0.0208530043477625,-0.0309985352364182,-0.0215326443744077,-0.0208545419155745,-0.0208530043475458
0.9782971619365608,-0.0208480315850456,-0.0310435809469378,-0.0215389129563281,-0.0208496777481201,-0.0208480315860392
0.979966611018364,-0.0208434283883643,-0.0310853926969317,-0.0215447962522563,-0.0208451779415781,-0.0208434283906336
0.981636060100167,-0.0208391944774514,-0.0311239468846621,-0.021550276326054,-0.020841041602271,-0.0208391944810355
0.98330550918197,-0.0208353295945764,-0.0311592217518749,-0.0215553365544634,-0.0208372678918291,-0.0208353295994869
0.984974958263773,-0.0208318335045168,-0.03119119739492,-0.0215599616571609,-0.0208338560310098,-0.020831833510737
0.986644407345576,-0.0208287059945315,-0.0312198557749234,-0.0215641377243915,-0.0208308053032828,-0.0208287060020165
0.988313856427379,-0.0208259468743372,-0.0312451807270065,-0.0215678522421319,-0.0208281150581535,-0.0208259468830144
0.989983305509182,-0.020823555976087,-0.031267157968547,-0.0215710941147344,-0.0208257847142033,-0.0208235559858575
0.991652754590985,-0.0208215331543517,-0.031285775106478,-0.0215738536850086,-0.0208238137618232,-0.0208215331650923
0.993322203672788,-0.0208198782861031,-0.0313010216436216,-0.0215761227517035,-0.0208222017656247,-0.0208198782976691
0.994991652754591,-0.0208185912707007,-0.0313128889840527,-0.0215778945843561,-0.0208209483665074,-0.0208185912829288
0.996661101836394,-0.0208176720298802,-0.0313213704374924,-0.0215791639354787,-0.0208200532833719,-0.0208176720425923
0.998330550918197,-0.0208171205077449,-0.0313264612227262,-0.0215799270500627,-0.0208195163144643,-0.0208171205207518
1.0,-0.0208169366707592,-0.0313281584700481,-0.0215801816723787,-0.0208193373383435,-0.0208169366838651
